frame,sample_id,timestamp_s,gt_state,ego_speed_kph,tcp_speed_0_0p6_kph,tcp_speed_0p6_1p0_kph,tcp_speed_1p0_1p6_kph,tcp_speed_1p6_2p0_kph,filtered_mpc_entry_speed_kph,ade_m,fde_2s_m,gt_accel,pred_accel,gt_steer,pred_steer
0,0,2.080551679,DRIVE,38.76375932693482,36.682236,30.585909,26.24061,23.878109,36.682237243652345,0.15996965765953064,0.34130850434303284,-0.13916509,-0.11529547,0.09076612,0.021182895
1,1,2.580551679,DRIVE,34.70248374938965,31.703455,27.091877,23.478397,23.575249,34.93966398239136,0.08484774082899094,0.14930689334869385,-0.1566532,-0.14197904,0.25334162,0.24599016
2,2,3.080551679,DRIVE,29.245310211181643,26.874474,24.157743,21.479288,21.61146,32.11684760570526,0.13561560213565826,0.21090342104434967,-0.14746886,-0.13661718,0.38532552,0.45960903
3,3,3.580551679,DRIVE,24.632458305358888,24.022718,21.540623,20.833511,21.997366,29.283902527570724,0.1586245447397232,0.21083961427211761,0.0,-0.10855901,0.4895555,0.6223453
4,4,4.080551679,DRIVE,23.311238193511965,22.281586,21.003222,21.402277,22.423515,26.833091969382764,0.1329611986875534,0.25107109546661377,0.0,0.022062898,0.48828012,0.6516396
5,5,4.580551679,DRIVE,21.62457504272461,20.923792,21.106586,22.426199,24.135324,24.7648374072808,0.15827243030071259,0.24956114590168,0.0,-0.0041894317,0.45395574,0.44746864
6,6,5.080551679,DRIVE,20.79327349662781,20.688313,22.0202,24.62398,26.881178,23.33805396744248,0.11618055403232574,0.17620830237865448,0.064758144,0.026266694,0.28170955,0.34914768
7,7,5.580551679,DRIVE,21.557612943649293,21.644545,23.712448,25.61675,26.124975,22.74532562258456,0.4606624245643616,0.7198403477668762,0.2329193,0.14604759,0.14257471,0.20880735
8,8,6.080551679,DRIVE,23.263671684265137,24.28251,26.793114,27.857847,27.708227,23.283340553300572,0.19669848680496216,0.33098456263542175,0.4528987,0.3969152,0.053850003,0.030911565
9,9,6.580551679,DRIVE,25.351383876800536,26.207968,28.340763,28.975481,29.199665,24.306960208522327,0.08149226009845734,0.16398225724697113,0.4104287,0.2727753,0.0107680075,0.0035299063
10,10,7.080551679,DRIVE,27.205223751068115,27.85099,29.297758,29.3537,29.480354,25.547370872447473,0.1282365322113037,0.31490594148635864,0.35082257,0.2882489,0.005357283,-0.0046982765
11,11,7.580551679,DRIVE,28.728624057769775,28.999563,29.415312,28.621592,28.035738,26.755638193097937,0.21259182691574097,0.29577773809432983,0.25233567,0.1865691,-0.013499173,-0.015809894
12,12,8.080551679,DRIVE,29.64728364944458,29.928205,28.75706,27.127337,25.856943,27.866037147596174,0.19782507419586182,0.32116061449050903,0.14817224,0.08785868,-0.043615874,-0.0629943
13,13,8.580551679,DRIVE,29.945109272003176,29.521513,26.912516,25.431845,24.49422,28.445453824282243,0.20280416309833527,0.29278379678726196,0.051928252,-0.007455468,-0.1300396,-0.13929898
14,14,9.080551679,DRIVE,29.28734579086304,28.033674,25.126198,22.94397,22.337032,28.301331036579967,0.16797688603401184,0.2097814828157425,0.0,-0.08299941,-0.25594538,-0.25404233
15,15,9.580551679,DRIVE,27.68099699020386,25.909664,23.816978,21.6072,21.29761,27.464248028238647,0.13307929039001465,0.21029427647590637,0.0,-0.11926681,-0.4262441,-0.31484002
16,16,10.080551679,DRIVE,25.34804162979126,23.392353,22.06321,20.71668,20.742931,26.039085189149795,0.13982538878917694,0.17485933005809784,-0.02994751,-0.08125836,-0.4630611,-0.48755527
17,17,10.580551679,DRIVE,22.793346977233888,21.187141,21.010338,20.736797,21.401033,24.34090520319334,0.29222261905670166,0.47450175881385803,0.0,-0.024658144,-0.56645447,-0.5575931
18,18,11.080551679,DRIVE,21.763010501861572,20.259245,20.654066,21.982325,23.319496,22.912324370692613,0.32785192131996155,0.44656670093536377,0.04466228,0.037730575,-0.34876537,-0.41783422
19,19,11.580551679,DRIVE,20.902607202529907,20.112001,22.042377,24.332947,25.859907,21.932211337623784,0.12165085971355438,0.15814709663391113,0.0,0.09482086,-0.31095365,-0.24134064
20,20,12.080551679,DRIVE,20.88914680480957,21.790293,24.318607,26.512693,27.676886,21.882540095438127,0.19400224089622498,0.25880664587020874,0.29372367,0.31639493,-0.13725153,-0.06386781
21,21,12.580551679,DRIVE,23.17120113372803,24.015528,26.203886,27.558064,27.932356,22.629085832618888,0.09691464900970459,0.1773328334093094,0.47384605,0.28392553,-0.022825511,-0.0033181906
22,22,13.080551679,DRIVE,25.20091323852539,26.08859,27.387125,28.218748,28.125826,23.83991277591297,0.1202935129404068,0.19419562816619873,0.41155094,0.24888194,0.026938712,0.00867784
23,23,13.580551679,DRIVE,26.867409610748293,27.049778,27.950464,28.289354,27.843872,24.96336573247454,0.208484947681427,0.29551073908805847,0.33551496,0.2802595,0.01676942,0.013106465
24,24,14.080551679,DRIVE,27.990059566497802,28.364937,29.257704,29.160206,28.765316,26.153916016666315,0.1314321607351303,0.26285243034362793,0.20570326,0.15530312,0.0028050318,0.0026876926
25,25,14.580551679,DRIVE,28.54413356781006,28.415558,28.69763,28.318516,27.284824,26.945491129598363,0.05576358735561371,0.09708213061094284,0.107732415,0.10311961,-0.0045731966,-0.015090048
26,26,15.080551679,DRIVE,28.54142990112305,27.893959,27.960413,28.109003,27.301628,27.277454966889696,0.16860760748386383,0.31508684158325195,0.032489236,0.10710144,-0.005102455,-0.02318585
27,27,15.580551679,DRIVE,28.405085277557372,27.753183,28.026701,28.57589,28.134981,27.44395983942496,0.11915981769561768,0.17919564247131348,0.0377109,0.049486518,-8.726336e-05,-0.013191342
28,28,16.080551679,DRIVE,28.335212230682373,27.94114,28.210522,28.564837,27.877596,27.617973023586426,0.16863155364990234,0.28656667470932007,0.04221328,0.09320068,0.0018931268,-0.01904416
29,29,16.580551679,DRIVE,28.34673500061035,28.155897,28.31359,28.83652,28.274868,27.806246531264406,0.1706400215625763,0.271555095911026,0.043152727,0.10223603,-0.0016936825,-0.01636982
30,30,17.080551679,DRIVE,28.482312297821046,28.25485,28.800266,29.395132,29.461912,27.96325828151571,0.06544657051563263,0.04531928524374962,0.040649,0.058131814,-0.009889744,-0.0037062764
31,31,17.580551679,DRIVE,28.646285820007325,28.41526,29.040333,30.142881,30.516592,28.121459059971905,0.11535714566707611,0.19619901478290558,0.03641606,0.08894515,0.0035585582,0.012942433
32,32,18.080551679,DRIVE,28.87290201187134,28.900576,30.131212,30.943304,31.438204,28.39415012924663,0.11862563341856003,0.1899522840976715,0.030956674,0.08395207,0.0106084375,0.000833869
33,33,18.580551679,DRIVE,29.41017723083496,29.609314,30.697775,31.322086,31.790134,28.81945773873443,0.18024587631225586,0.34267109632492065,0.22825478,0.0756706,0.003007314,-0.00047004223
34,34,19.080551679,DRIVE,30.750626850128175,31.114733,32.249207,32.82415,33.618023,29.622804257014543,0.14387083053588867,0.18792574107646942,0.25735328,0.1382109,-0.002946482,-0.015422881
35,35,19.580551679,DRIVE,31.81742935180664,31.957237,32.94958,32.821785,33.05804,30.439855802337775,0.14941364526748657,0.29574885964393616,0.22420213,0.15357447,-0.004967783,-0.010243773
36,36,20.080551679,DRIVE,32.582090663909916,32.797012,33.443264,32.966084,32.507423,31.264860319676295,0.2454145848751068,0.5243530869483948,0.20014279,0.12748826,-0.00530167,-0.00891614
37,37,20.580551679,DRIVE,33.2337721824646,33.829082,34.35927,34.31681,34.455032,32.162338746516404,0.0815127044916153,0.16672158241271973,0.18124567,0.13383317,0.0019337442,-0.016281962
38,38,21.080551679,DRIVE,33.746119594573976,34.106644,34.63477,35.812576,36.281372,32.84284547210089,0.09882275760173798,0.21974501013755798,0.16700885,0.14372098,0.0045187552,-0.020082653
39,39,21.580551679,DRIVE,34.27286596298218,34.624825,34.571598,35.541195,36.008785,33.4665380067252,0.08189524710178375,0.1261279284954071,0.15364875,0.091919065,0.0017759742,-0.016750216
40,40,22.080551679,DRIVE,34.866907882690434,35.166023,35.59495,36.38237,36.706577,34.06135824395268,0.05131608992815018,0.10896562039852142,0.138341,0.09170127,-0.001270088,-0.027466357
41,41,22.580551679,DRIVE,35.44083709716797,35.97277,35.524166,36.56717,36.703247,34.73035273390494,0.05711380019783974,0.12176819890737534,0.12297424,0.08818388,-0.005518771,-0.007133186
42,42,23.080551679,DRIVE,35.898717212677006,36.084183,36.252293,37.642147,38.537766,35.20419323577844,0.053163688629865646,0.0992240160703659,0.11005637,0.1506629,-0.003530324,-0.004408598
43,43,23.580551679,DRIVE,36.31658563613892,36.591484,37.371914,38.632854,39.40585,35.6897459622953,0.07947124540805817,0.19482490420341492,0.0988163,0.1597569,0.0047336183,-0.0018337369
44,44,24.080551679,DRIVE,36.731026840209964,37.312553,38.546413,40.05774,40.82673,36.25772870102295,0.2154678851366043,0.3039284348487854,0.19207877,0.29500186,0.012804845,0.031344533
45,45,24.580551679,DRIVE,38.071260166168216,38.861298,40.07957,41.4081,42.348976,37.168978619349,0.12647464871406555,0.1727134883403778,0.32527936,0.36223018,0.032650348,0.07636988
46,46,25.080551679,DRIVE,39.397452449798585,39.54857,40.6626,41.844357,42.536457,38.001835690589544,0.15577943623065948,0.21549265086650848,0.289241,0.1765405,0.04789173,0.025823593
47,47,25.580551679,DRIVE,40.43223066329956,40.77076,42.15249,43.08367,43.67222,38.97095972033706,0.1368204951286316,0.28731489181518555,0.2581967,0.2525785,0.07249478,0.04133153
48,48,26.080551679,DRIVE,41.36925973892212,41.955013,42.92919,43.751602,43.917233,40.01537926560678,0.19116169214248657,0.26195454597473145,0.23267132,0.3208238,0.040846214,0.02573824
49,49,26.580551679,DRIVE,42.23002996444702,42.985878,43.736153,44.33824,44.531914,41.05505448696936,0.15316814184188843,0.15082252025604248,0.20858493,0.27749276,0.004873104,0.01385808
50,50,27.080551679,DRIVE,43.05250854492188,43.19537,44.231155,45.26178,45.925297,41.80416561977716,0.15588170289993286,0.22985434532165527,0.18734337,0.27894843,0.013567242,0.018640399
51,51,27.580551679,DRIVE,43.63946170806885,43.811695,44.572155,44.91891,45.977596,42.50680080394768,0.20014193654060364,0.3021756708621979,0.16972226,0.11986828,0.046109438,0.053011894
52,52,28.080551679,DRIVE,44.22792892456055,44.048183,45.204674,45.51769,46.235497,43.04628552805915,0.16538989543914795,0.28194209933280945,0.15355039,0.13662994,0.055022698,0.0299052
53,53,28.580551679,DRIVE,44.71515026092529,44.603287,45.942326,46.652615,47.19315,43.59123608686028,0.24923622608184814,0.3326457440853119,0.14321616,0.21977556,0.05222348,0.017032862
54,54,29.080551679,DRIVE,45.12713756561279,44.859882,45.92546,46.391758,46.692673,44.03526254764571,0.15197929739952087,0.09436564147472382,0.12991267,0.16802275,0.019961042,0.008250356
55,55,29.580551679,DRIVE,45.478125,46.078205,47.05484,47.5017,47.193783,44.75029244399461,0.15577572584152222,0.2713039517402649,0.12254427,0.19262135,0.018084828,0.013848543
56,56,30.080551679,DRIVE,45.80259075164795,46.453693,47.208805,47.759205,47.237507,45.3464829085733,0.17996889352798462,0.39438676834106445,0.11428401,0.0820905,0.022454575,-0.0034343004
57,57,30.580551679,DRIVE,46.07008380889893,46.476814,46.90817,47.112324,46.11192,45.7420996861659,0.31744715571403503,0.8333691358566284,0.10485173,0.08573055,0.036711074,-0.007266879
58,58,31.080551679,DRIVE,46.35578670501709,46.43052,47.355473,47.72174,47.53198,45.98304661592361,0.3035814166069031,0.6836947202682495,0.09773209,0.046901464,0.021683374,-0.0054281354
59,59,31.580551679,DRIVE,46.62237339019776,46.4499,46.969746,47.230724,46.51519,46.14644652120606,0.11774233728647232,0.0977054163813591,0.08996675,0.09890163,-0.011943483,-0.012131691
60,60,32.080551679,DRIVE,46.7945634841919,46.757484,46.989193,47.581467,46.865532,46.360310458968264,0.09096378833055496,0.08551231026649475,0.08539445,0.03928113,-0.01993976,-0.007907569
61,61,32.580551679,DRIVE,46.97808322906494,47.060802,47.30013,47.72367,47.813995,46.60548359383108,0.12397176027297974,0.1340961456298828,0.080831595,0.14480484,-0.0104598785,-0.022110283
62,62,33.080551679,DRIVE,47.13518943786621,47.20792,47.743015,48.09396,47.672054,46.81633716313864,0.15105783939361572,0.10765000432729721,0.07639279,0.16968262,0.009090848,-0.00029611588
63,63,33.580551679,DRIVE,47.27272624969483,47.30589,47.74415,48.187782,47.813637,46.987680484928056,0.19053691625595093,0.3909876048564911,0.07352695,0.12729704,0.0069253007,-0.008368015
64,64,34.080551679,DRIVE,47.40091094970703,48.430485,50.13838,52.417656,52.741776,47.49266185179381,0.32331714034080505,0.5022228360176086,0.06951294,0.27564383,0.0072068893,0.0070790052
65,65,34.580551679,DRIVE,47.677096939086915,49.14556,50.652935,53.102676,53.19319,48.071177564658406,0.12144582718610764,0.1048109233379364,0.2675337,0.33082092,-0.0027204829,-0.0012062192
66,66,35.080551679,DRIVE,49.532538414001465,51.03008,52.76265,55.250275,55.29206,49.106793294835576,0.15809178352355957,0.18624678254127502,0.5655249,0.29245448,-0.007795268,-0.0018358231
67,67,35.580551679,DRIVE,51.8719259262085,52.81522,54.513954,56.973022,57.106632,50.404742866374576,0.11260004341602325,0.10896728932857513,0.49817768,0.31269777,-0.009078169,0.0009737015
68,68,36.080551679,DRIVE,53.795345306396484,54.480663,55.487095,56.677032,55.97284,51.83131581907609,0.06901142001152039,0.10743555426597595,0.37898526,0.26722682,3.5779507e-05,0.0023993254
69,69,36.580551679,DRIVE,55.17364368438721,55.597416,55.266933,54.937714,53.71879,53.14945072231035,0.34671488404273987,0.39974498748779297,0.25437397,0.20627141,0.008895515,0.010043025
70,70,37.080551679,DRIVE,55.85374202728271,55.878048,55.687706,55.312687,54.421947,54.104459616077655,0.14992362260818481,0.18779437243938446,0.14315736,0.11584461,0.009973145,0.008287311
71,71,37.580551679,DRIVE,56.09095401763916,55.838684,55.063667,54.285595,52.464405,54.71143871321903,0.15919193625450134,0.16970455646514893,0.0466327,0.06242037,0.0036563682,-0.0014584064
72,72,38.080551679,DRIVE,55.782586669921876,54.344704,53.806507,53.269344,52.05776,54.58308238420395,0.09060215204954147,0.05963895469903946,0.0,0.07482576,-0.0032117185,-0.0017021298
73,73,38.580551679,DRIVE,54.60340175628662,53.6404,52.8107,52.6435,50.771057,54.25314365974844,0.28756266832351685,0.37179097533226013,-0.059845954,0.012298703,-0.00563256,0.0011481047
74,74,39.080551679,DRIVE,53.044225502014164,52.74465,51.474075,50.769104,49.50914,53.725172307974674,0.1802915632724762,0.28632840514183044,-0.033758357,0.09594262,-0.003489303,0.005627036
75,75,39.580551679,DRIVE,51.85849514007568,53.82888,49.50473,50.347157,46.13468,53.761470375732856,0.29689139127731323,0.16621746122837067,0.0,0.022295475,0.0012662647,-0.00044071674
76,76,40.080551679,DRIVE,51.16118602752686,50.27111,49.377483,49.414093,48.52236,52.53984536596098,0.1839854121208191,0.42564138770103455,0.0,0.0056518316,-0.00061230187,-0.00046145916
77,77,40.580551679,DRIVE,50.48646411895752,50.312683,49.659134,49.65265,48.94849,51.76033844127429,0.26494932174682617,0.3427540957927704,0.0,0.065575,-0.0012779727,-0.0065702796
78,78,41.080551679,DRIVE,49.83256301879883,49.624218,49.24524,49.235775,48.81283,51.012696148785075,0.13804450631141663,0.12596505880355835,0.0012268412,0.09517121,-0.00839095,-0.0043541193
79,79,41.580551679,DRIVE,49.58144130706787,49.705353,49.662743,49.792667,49.51059,50.55512677191783,0.11656562983989716,0.11897420138120651,0.012387722,0.045921445,-0.00953616,-0.020739377
80,80,42.080551679,DRIVE,49.40908641815186,49.642143,50.555725,51.4692,51.1877,50.23558347367651,0.228648379445076,0.12128206342458725,0.017488683,0.20884085,0.01102208,-0.0047897696
81,81,42.580551679,DRIVE,49.25986461639405,49.83066,50.906513,52.265656,52.171883,50.09386181327914,0.13515448570251465,0.11379969120025635,0.120202884,0.22249174,0.012808542,0.002423644
82,82,43.080551679,DRIVE,50.302990722656254,50.956806,51.96451,52.97124,52.73833,50.395892876690525,0.15856625139713287,0.1397446244955063,0.37000358,0.27293408,0.010281579,-0.00048613548
83,83,43.580551679,DRIVE,51.71063289642334,51.807194,52.32856,52.740307,52.45796,50.88984831799948,0.2905240058898926,0.4327552616596222,0.27495238,0.19627452,-0.0024964646,-0.010879397
84,84,44.080551679,DRIVE,52.37642498016358,51.900654,51.980476,51.472874,50.91129,51.24363011687422,0.23279500007629395,0.2869233787059784,0.13465159,0.128402,-0.007342768,-0.009735763
85,85,44.580551679,DRIVE,52.616484832763675,52.03665,51.12542,49.4544,48.37755,51.52118844101951,0.15068592131137848,0.09859412908554077,0.031030409,0.050514817,-0.00040111854,-0.0029301047
86,86,45.080551679,DRIVE,52.200130462646484,51.239758,48.66113,44.771503,43.05171,51.42268749139291,0.5447851419448853,0.8899732232093811,0.0,0.024491787,0.0077261166,0.0
87,87,45.580551679,DRIVE,51.119997596740724,49.69241,46.127487,41.06772,39.253193,50.817091000875116,0.4792053699493408,0.6945488452911377,-0.07085449,-0.023931205,0.014642192,0.0013818741
88,88,46.080551679,DRIVE,48.57502326965332,46.94448,42.88571,38.863472,34.631046,49.46167853228269,0.476852685213089,0.6301825046539307,-0.1271805,-0.10331237,0.004346532,-0.011711717
89,89,46.580551679,DRIVE,45.61750545501709,42.800713,37.101696,33.44504,29.687056,47.13034031737657,0.20179884135723114,0.0051102968864142895,-0.15788016,-0.23705322,-0.03566737,-0.04831624
90,90,47.080551679,DRIVE,41.748700046539305,37.88137,31.809597,27.736574,25.400068,43.893201030360935,0.35493233799934387,0.7158425450325012,-0.18269801,-0.16916907,-0.11248098,-0.1693607
91,91,47.580551679,DRIVE,36.87588415145874,32.46325,28.62928,26.17402,25.027794,39.89271829256786,0.46404552459716797,0.7624533772468567,-0.17427768,-0.09234935,-0.2232606,-0.34649688
92,92,48.080551679,DRIVE,31.670069217681885,28.546328,27.47886,26.625866,26.312286,35.921481480241745,0.08711767196655273,0.15669310092926025,-0.1520871,-0.06801164,-0.32984763,-0.42189163
93,93,48.580551679,DRIVE,27.947506427764893,26.815525,26.802774,26.283815,26.803825,32.734396998412016,0.05952787399291992,0.06985697895288467,0.043234687,0.06070137,-0.3397754,-0.3151222
94,94,49.080551679,DRIVE,27.188054180145265,26.07678,26.310215,26.354422,26.44283,30.404231427721474,0.19129317998886108,0.3498372733592987,0.0021046263,0.023614645,-0.31550664,-0.16180128
95,95,49.580551679,DRIVE,26.27162961959839,25.7863,26.389488,26.905075,26.673565,28.78795572548905,0.1437862664461136,0.12812019884586334,0.08655207,0.13525605,-0.23135123,-0.22209829
96,96,50.080551679,DRIVE,26.630795001983643,26.868637,27.174816,27.758095,27.249342,28.116194468333017,0.17964529991149902,0.3193703591823578,0.13540302,0.15041018,-0.18422747,-0.25155455
97,97,50.580551679,DRIVE,26.796099758148195,26.455528,27.214323,29.033175,29.59889,27.534961762463947,0.08351213485002518,0.09220734238624573,0.034478113,0.07597363,-0.18587196,-0.24675143
98,98,51.080551679,DRIVE,26.4488356590271,27.498829,28.867823,30.919832,32.745747,27.522315323137576,0.29252296686172485,0.49366629123687744,0.043447953,0.24332929,-0.18892948,-0.1898017
99,99,51.580551679,DRIVE,27.21805715560913,29.581364,31.376448,32.694637,33.738213,28.242982647875117,0.3439423441886902,0.49957531690597534,0.4968113,0.49725854,-0.07790861,-0.08062667
100,100,52.080551679,DRIVE,29.512298583984375,30.900139,32.557682,32.765865,33.25789,29.1729875873908,0.11479011178016663,0.04071037098765373,0.46046543,0.46989596,-0.0031247323,0.0026404858
101,101,52.580551679,DRIVE,31.438187313079833,32.276474,33.01184,32.63976,31.254852,30.259208499034244,0.19857856631278992,0.3966505825519562,0.3373666,0.23310494,0.013604259,-0.0057617426
102,102,53.080551679,DRIVE,32.680728149414065,32.929688,32.877743,33.14102,31.763248,31.193876549915476,0.22308334708213806,0.2602384388446808,0.22532642,0.16200614,0.016292239,0.008499503
103,103,53.580551679,DRIVE,33.45515356063843,33.93791,32.071095,31.293638,29.04839,32.15428855245849,0.21451100707054138,0.3415282070636749,0.11566734,0.18633926,0.039926894,0.021900296
104,104,54.080551679,DRIVE,33.60466375350952,33.7642,30.443434,27.753256,26.006414,32.717757499283564,0.2345908135175705,0.3275149464607239,0.019018836,0.041303992,0.06617101,0.06843746
105,105,54.580551679,DRIVE,32.90604658126831,32.38886,28.82074,24.862728,23.246367,32.60264308635683,0.25886237621307373,0.3718869686126709,-0.009098706,0.03565049,0.17190325,0.24003339
106,106,55.080551679,DRIVE,31.01068353652954,29.199713,25.706509,22.442593,21.543325,31.41161773681431,0.26080521941185,0.31929194927215576,-0.07163116,-0.10610193,0.28794032,0.5199728
107,107,55.580551679,DRIVE,27.403909778594972,25.594622,22.962988,20.975618,21.090967,29.375669242857526,0.15616685152053833,0.14173449575901031,-0.055195827,-0.082727134,0.42951757,0.44631553
108,108,56.080551679,DRIVE,25.039633083343507,23.454227,21.42216,19.575027,19.743294,27.303164748000214,0.11593914031982422,0.21578311920166016,0.0,-0.009277701,0.47008282,0.71376824
109,109,56.580551679,DRIVE,22.772600841522216,20.880754,19.457012,20.012375,21.032373,25.055321084231757,0.1731746345758438,0.40618377923965454,-0.05981939,0.00018906593,0.5322078,0.668458
110,110,57.080551679,DRIVE,19.514845991134646,19.000856,20.368328,23.283613,27.093042,22.936258377831088,0.22984927892684937,0.3624778091907501,-0.022356037,0.12332904,0.4821948,0.70108354
111,111,57.580551679,DRIVE,18.673005294799804,19.666355,22.693655,26.329287,29.754251,21.79179270946045,0.15293899178504944,0.2865324020385742,0.17367966,0.32332444,0.28550225,0.32892346
112,112,58.080551679,DRIVE,21.019338655471802,22.429827,25.985422,28.822924,29.645817,22.015105152964477,0.212837815284729,0.21899649500846863,0.48371297,0.56128514,0.077328384,0.0053077936
113,113,58.580551679,DRIVE,23.869228649139405,26.344599,29.039333,31.40253,32.47989,23.53042785221927,0.49524328112602234,1.0526080131530762,0.72623676,0.62702155,0.014615761,-0.01839614
114,114,59.080551679,DRIVE,27.183524894714356,28.828756,30.596624,32.30086,32.92026,25.384842953796042,0.5405597686767578,0.8385355472564697,0.63780236,0.6705754,0.0095216585,0.0065062046
115,115,59.580551679,DRIVE,29.795835971832275,31.411484,32.467045,34.048492,35.10333,27.494167504623192,0.963761568069458,1.0723862648010254,0.53523505,0.4936694,0.04855243,0.084780335
116,116,60.080551679,DRIVE,31.404247283935547,32.159874,33.187378,34.720257,36.09415,29.127165699446724,0.29915592074394226,0.13329719007015228,0.43413448,0.34598553,0.09280588,0.24645483
117,117,60.580551679,DRIVE,33.0657096862793,34.337536,35.70705,36.8974,38.05539,30.95079498796557,0.1238006055355072,0.08801214396953583,0.44436854,0.2871796,0.101543024,0.08570981
118,118,61.080551679,DRIVE,34.9016770362854,36.02175,37.123356,37.79959,38.953,32.72563026756824,0.1438167840242386,0.18320269882678986,0.40900096,0.3237245,0.07770283,0.070964694
119,119,61.580551679,DRIVE,36.64721059799194,37.384876,38.55076,39.107452,40.410156,34.35636702941863,0.14193469285964966,0.14372386038303375,0.3363466,0.27552652,0.072362155,0.038306236
120,120,62.080551679,DRIVE,37.809962368011476,38.462868,39.680313,40.415276,41.82615,35.79364200997904,0.11199941486120224,0.1915017068386078,0.22471763,0.26949692,0.06404625,0.041123986
121,121,62.580551679,DRIVE,38.49419860839844,39.03751,40.062977,40.456852,41.804646,36.928995911375296,0.0742301344871521,0.04326321557164192,0.28791216,0.20920324,0.06782752,0.09002292
122,122,63.080551679,DRIVE,39.698573970794676,39.77488,40.69606,40.962612,42.39098,37.92505595292861,0.2432118058204651,0.2964669167995453,0.2546876,0.1755743,0.087387085,0.20388746
123,123,63.580551679,DRIVE,40.4632327079773,40.570595,41.37873,41.33943,42.727226,38.85099427803397,0.17792844772338867,0.10826383531093597,0.15346213,0.19448733,0.065713026,0.117044926
124,124,64.080551679,DRIVE,40.763906192779544,40.568363,41.20682,40.911,41.72246,39.452073130087314,0.22840701043605804,0.4054258465766907,0.07896487,0.1483916,0.07933249,0.088386774
125,125,64.580551679,DRIVE,41.403990268707275,41.48417,42.396538,42.194553,43.290253,40.163306686778434,0.05494711920619011,0.046891238540410995,0.20479064,0.15221608,0.07280397,0.04954338
126,126,65.080551679,DRIVE,41.903712844848634,42.445007,43.35765,43.123188,44.488216,40.961902577454566,0.12682436406612396,0.15108154714107513,0.13098387,0.19253731,0.08660491,0.044239163
127,127,65.580551679,DRIVE,42.43193979263306,43.703094,44.341557,44.25156,45.350914,41.921319877707525,0.35180357098579407,0.5352768898010254,0.20500022,0.23887432,0.05601564,0.019426942
128,128,66.080551679,DRIVE,43.12057142257691,43.178364,43.730206,43.43273,44.12719,42.36128525052698,0.13621991872787476,0.17346076667308807,0.18575075,0.2512591,0.024480658,0.053264976
129,129,66.580551679,DRIVE,43.7372314453125,43.461666,43.772404,43.05428,44.07154,42.74641881738355,0.2192830741405487,0.45368048548698425,0.16747376,0.09584141,0.064243816,0.40622485
130,130,67.080551679,DRIVE,44.110692787170414,43.615036,44.505898,44.418865,45.462147,43.05043483505908,0.23219415545463562,0.43133965134620667,0.096294634,0.18306458,0.09724616,0.19108963
131,131,67.580551679,DRIVE,44.05574398040772,44.68681,45.18376,44.72518,44.83164,43.62316638225983,0.09875772893428802,0.12696465849876404,0.12119327,0.13403535,0.083065934,0.006501198
132,132,68.080551679,DRIVE,44.573241233825684,45.547897,45.709366,44.354874,43.06149,44.29682261761562,0.23347234725952148,0.16633126139640808,0.14869204,0.17131197,0.013237338,-0.03747064
133,133,68.580551679,DRIVE,45.06513862609864,45.507168,44.465984,43.207645,42.842648,44.72044423819331,0.10591752082109451,0.08936544507741928,0.11183748,0.07798982,-0.055322073,-0.113505065
134,134,69.080551679,DRIVE,45.093627548217775,44.428295,43.15815,42.31826,42.36274,44.61819218576438,0.07999572157859802,0.11884410679340363,0.010449132,0.029810667,-0.10889052,-0.23294818
135,135,69.580551679,DRIVE,44.35089168548584,43.129124,42.27471,41.7555,41.7744,44.0970184784861,0.1632174551486969,0.30906400084495544,-0.014308392,0.028389454,-0.12420507,-0.12979555
136,136,70.080551679,DRIVE,43.17855606079102,42.487667,41.822292,42.09042,42.72341,43.533745490325046,0.15486696362495422,0.25428256392478943,-0.023999441,0.031373143,-0.1280809,-0.14478868
137,137,70.580551679,DRIVE,42.308199405670166,42.66157,42.592976,42.400204,42.742386,43.22848539573765,0.2243960201740265,0.3690667152404785,0.06375008,0.07779336,-0.09702295,-0.097688735
138,138,71.080551679,DRIVE,42.18961400985718,42.45428,42.12452,41.924183,41.756157,42.95751433993211,0.13171064853668213,0.2611769437789917,0.12836134,0.10397589,-0.075054675,-0.07692087
139,139,71.580551679,DRIVE,42.45657148361206,41.97085,41.174843,40.802155,40.95735,42.61218288586676,0.07737811654806137,0.08985356241464615,0.052272007,0.06135094,-0.07702297,-0.12236875
140,140,72.080551679,DRIVE,42.15244245529175,41.25634,40.66846,40.48255,41.00762,42.137637885212804,0.07606276869773865,0.13204489648342133,0.0,0.025048971,-0.08585845,-0.18586898
141,141,72.580551679,DRIVE,40.99697256088257,40.538986,39.984043,40.44139,40.972404,41.57811033156508,0.18426872789859772,0.2796463966369629,-0.06731912,0.05211842,-0.12932931,-0.19682759
142,142,73.080551679,DRIVE,40.02791662216187,40.453712,40.118988,40.935402,41.393604,41.18457134472873,0.2850549817085266,0.4018321931362152,0.17622975,0.20095336,-0.086104505,-0.117696345
143,143,73.580551679,DRIVE,40.44071760177612,40.78125,40.864113,41.49111,41.4491,41.04340887407368,0.1676289439201355,0.308430939912796,0.089139245,0.20419192,-0.06258234,-0.10031265
144,144,74.080551679,DRIVE,40.933946228027345,41.74387,42.20033,43.276386,43.61952,41.288570992757265,0.13538259267807007,0.1329587996006012,0.2537117,0.18562353,-0.07701834,-0.07371163
145,145,74.580551679,DRIVE,41.885783672332764,43.006798,43.32189,44.58623,45.034164,41.8899506390056,0.4178728759288788,0.539253830909729,0.22585958,0.40522754,-0.048538845,-0.0803498
146,146,75.080551679,DRIVE,42.552170562744145,43.28044,43.74595,43.92331,44.05964,42.37662329941736,0.26983538269996643,0.3024155795574188,0.16904068,0.3593372,-0.039206658,-0.028005123
147,147,75.580551679,DRIVE,43.21044902801514,43.429688,43.844257,43.981792,44.15765,42.745196570707705,0.20698761940002441,0.17671100795269012,0.18442334,0.109755516,0.024113884,0.008844376
148,148,76.080551679,DRIVE,43.85810852050781,43.922913,43.66413,42.375637,41.790985,43.157397714197316,0.23597459495067596,0.386854350566864,0.1447306,0.07340598,0.030981418,0.0064743757
149,149,76.580551679,DRIVE,44.15861206054688,43.975166,42.618687,40.565037,38.773697,43.44361726056614,0.1493116021156311,0.14056815207004547,0.061919574,0.06922376,0.007951882,-0.0043433905
150,150,77.080551679,DRIVE,43.85111503601075,43.164406,41.818344,39.649467,38.441525,43.34589392490388,0.326602041721344,0.5915912389755249,0.0,0.07243168,-0.011413469,-0.010930598
151,151,77.580551679,DRIVE,42.61293096542359,40.84322,38.90058,36.29378,34.32432,42.469957966165545,0.16302090883255005,0.21682411432266235,-0.07633525,-0.00026595592,-0.01839527,-0.0103574395
152,152,78.080551679,DRIVE,40.37369756698609,37.482723,34.77037,31.07831,28.336088,40.72442647820902,0.4385931193828583,1.0112097263336182,-0.12424051,-0.07929742,-0.00030850834,0.0046664476
153,153,78.580551679,DRIVE,37.12301473617554,35.18357,34.20833,31.35983,29.533436,38.785127279500415,0.1825631558895111,0.4769141972064972,-0.16189359,-0.046529353,0.015278699,0.007966518
154,154,79.080551679,DRIVE,34.55158052444458,33.09933,32.492393,30.012722,28.85111,36.79509868092454,0.37083154916763306,0.7537649273872375,-0.07390662,0.041332364,0.01722101,0.0003736019
155,155,79.580551679,DRIVE,33.12103185653687,32.536316,31.973928,30.72062,29.665936,35.304524847404416,0.08075632154941559,0.16483695805072784,-0.025454316,0.08020759,0.0014613542,-0.010687053
156,156,80.080551679,DRIVE,32.23037710189819,32.069202,30.797832,29.71273,28.205393,34.1721629334972,0.11717038601636887,0.222315713763237,0.0,0.03149891,-0.042314813,-0.04254639
157,157,80.580551679,DRIVE,31.52376480102539,31.32604,29.274292,28.614874,27.499384,33.17602053461132,0.08376613259315491,0.12768638134002686,0.0,-0.02967149,-0.1029202,-0.10779315
158,158,81.080551679,DRIVE,30.62137613296509,30.54079,28.75167,27.6876,26.551329,32.25369004274882,0.16161148250102997,0.16006624698638916,0.0,-0.04422617,-0.21470042,-0.21968907
159,159,81.580551679,DRIVE,29.49070272445679,28.253365,28.059502,27.86221,27.606232,30.853576258347037,0.18607506155967712,0.2543772757053375,0.008458477,-0.03412199,-0.2676463,-0.28318322
160,160,82.080551679,DRIVE,28.23114938735962,25.989765,26.05479,26.509583,26.904549,29.151242643487095,0.46423977613449097,0.6566479802131653,0.0,0.0067224503,-0.31141108,-0.2753908
161,161,82.580551679,DRIVE,27.12065305709839,26.39809,26.714872,27.035393,27.404882,28.18763981245912,0.15268898010253906,0.18418298661708832,-0.0067201885,0.084662676,-0.21955796,-0.110982776
162,162,83.080551679,DRIVE,26.77996530532837,26.253122,27.2846,26.772863,25.758572,27.510559160798014,0.142923504114151,0.1732473373413086,0.08858925,0.21776533,-0.010297513,0.012774587
163,163,83.580551679,DRIVE,27.003826332092284,27.123627,25.769653,23.319185,21.551735,27.375132936177643,0.4081098437309265,0.7233679294586182,0.08071979,0.09696245,0.08891482,-0.018802404
164,164,84.080551679,DRIVE,27.186323833465575,27.373146,25.235554,22.521717,21.259512,27.374437929053798,0.115742526948452,0.2581482529640198,0.043996993,0.049493313,-0.024626233,-0.07752377
165,165,84.580551679,DRIVE,26.828574657440186,25.695791,23.242826,22.308521,22.236462,26.786911990005574,0.09981024265289307,0.2651742696762085,0.0,0.0005863905,-0.22083244,-0.4767688
166,166,85.080551679,DRIVE,24.93635301589966,21.992493,21.73218,21.925905,22.460003,25.10886549705587,0.31465888023376465,0.48749247193336487,-0.069006875,-0.035396993,-0.44289798,-0.4495442
167,167,85.580551679,DRIVE,22.260104084014895,21.215002,21.965578,23.630976,24.72132,23.74601362785011,0.38333362340927124,0.6422567367553711,0.08649208,0.017495036,-0.43901882,-0.5419365
168,168,86.080551679,DRIVE,22.840146160125734,22.379135,22.557783,25.18867,25.950647,23.267606688302767,0.23206178843975067,0.148729145526886,0.20728754,0.1209712,-0.20686266,-0.3514856
169,169,86.580551679,DRIVE,23.685472011566162,23.511452,24.226013,25.409863,24.680353,23.352952850357003,0.22037552297115326,0.2505888342857361,0.17878368,0.19636273,-0.020770315,-0.008777738
170,170,87.080551679,DRIVE,24.374971389770508,24.703588,25.812449,27.416487,26.392769,23.82567572327649,0.18515710532665253,0.24060966074466705,0.15848167,0.2554568,0.06975593,0.21505415
171,171,87.580551679,DRIVE,24.95014171600342,25.078535,25.49164,25.903526,24.68648,24.264176765143144,0.1814398467540741,0.34115955233573914,0.1441397,0.16135514,0.059862882,0.0045831203
172,172,88.080551679,DRIVE,25.56525421142578,25.993404,26.26245,26.259869,24.686172,24.869406700321562,0.10328452289104462,0.34556055068969727,0.12360536,0.10746372,0.027217943,-0.018447995
173,173,88.580551679,DRIVE,26.035898208618164,26.42772,27.057293,28.44475,28.107796,25.414816513183258,0.18073923885822296,0.3886583745479584,0.10797938,0.12282097,-0.009484075,-0.044749618
174,174,89.080551679,DRIVE,26.437464809417726,26.26945,26.607206,26.853125,26.346287,25.713938366015405,0.16404573619365692,0.31707924604415894,0.0967705,0.0907408,-0.024761736,-0.02091217
175,175,89.580551679,DRIVE,26.736191654205324,26.125343,26.813278,27.827154,27.600626,25.85793036790269,0.2132166475057602,0.17082752287387848,0.08800622,0.114503026,-0.02478063,-0.024808407
176,176,90.080551679,DRIVE,27.00708875656128,26.987541,27.326895,28.133139,28.12966,26.253294625992826,0.08866161853075027,0.1284489929676056,0.08023704,0.16013241,-0.016071219,-0.026633501
177,177,90.580551679,DRIVE,27.222331523895264,26.792688,27.254389,27.85208,27.217499,26.442082903608597,0.12242966890335083,0.08434437215328217,0.0742924,0.11333048,-0.0016316309,-0.022605002
178,178,91.080551679,DRIVE,27.412126350402833,27.282827,27.705873,28.033777,27.14127,26.736343536164558,0.09074224531650543,0.058693233877420425,0.06915728,0.11738098,0.0121524725,-0.005544424
179,179,91.580551679,DRIVE,27.594551753997802,27.097479,27.637596,28.410809,28.26751,26.862741168837772,0.08113706111907959,0.07810637354850769,0.064483576,0.08164024,0.010921082,-0.014551461
180,180,92.080551679,DRIVE,27.746384525299074,27.265587,27.647568,28.027802,27.726679,27.003737425332933,0.09617389738559723,0.09742890298366547,0.060271893,0.06685424,0.0013908325,-0.0139452815
181,181,92.580551679,DRIVE,27.90140504837036,26.969042,27.30786,27.936039,27.908693,26.991594232014503,0.4092814028263092,0.4974120855331421,0.056302335,0.08119416,-0.013633199,-0.018963754
182,182,93.080551679,DRIVE,28.033014392852785,27.486725,27.727545,28.349915,28.246555,27.164890083054303,0.18837374448776245,0.21597422659397125,0.05265589,0.06739533,-0.020705428,-0.012834907
183,183,93.580551679,DRIVE,28.150338077545168,27.461796,27.973425,28.593895,28.633007,27.268807353423774,0.16250061988830566,0.3085179924964905,0.049430985,0.066765904,-0.015911806,-0.012798369
184,184,94.080551679,DRIVE,28.251892948150637,27.934145,28.959562,29.710281,30.574621,27.501675587296862,0.09725701808929443,0.14869655668735504,0.04645817,0.14742851,-0.019162107,-0.021046102
185,185,94.580551679,DRIVE,28.31784439086914,28.440996,29.864138,30.467594,31.471878,27.83043772450114,0.0950821042060852,0.18952980637550354,0.044505917,0.13606954,-0.014360167,-0.015377998
186,186,95.080551679,DRIVE,28.926331615448,29.780756,31.317572,31.721298,32.712143,28.513049253286578,0.08627419173717499,0.12029144167900085,0.30555302,0.24313414,-0.011455733,-0.0135217905
187,187,95.580551679,DRIVE,30.187790393829346,31.101665,32.472736,32.49627,33.178265,29.41906533906865,0.09665122628211975,0.10342895239591599,0.26989567,0.31476605,-0.01572251,-0.014419854
188,188,96.080551679,DRIVE,31.322261810302734,32.346928,33.28872,33.338783,33.68472,30.443817679440034,0.15449649095535278,0.19621114432811737,0.23886663,0.25674713,-0.045848697,-0.020004094
189,189,96.580551679,DRIVE,32.20355672836304,32.956272,33.470673,33.734722,34.108162,31.323176735471474,0.12619969248771667,0.1938318908214569,0.21163826,0.14225566,-0.06832265,-0.03753203
190,190,97.080551679,DRIVE,32.948074436187746,33.33938,33.977528,34.154892,34.521664,32.028847570012026,0.05380312353372574,0.047255780547857285,0.19105422,0.08358765,-0.1003872,-0.06901592
191,191,97.580551679,DRIVE,33.570105743408206,33.9499,34.178474,34.223763,34.374115,32.701217007849124,0.08682213723659515,0.08829665929079056,0.17378819,0.10227752,-0.11465045,-0.076842666
192,192,98.080551679,DRIVE,34.06871337890625,33.987133,34.15472,34.2208,34.48938,33.151287614245,0.13275760412216187,0.2261834293603897,0.15834478,0.09778154,-0.080422126,-0.071424484
193,193,98.580551679,DRIVE,34.530301380157475,33.777325,34.055622,34.290047,34.835285,33.37040071955344,0.2780444025993347,0.31039226055145264,0.11281374,0.08686137,-0.10519463,-0.12302971
194,194,99.080551679,DRIVE,34.54072980880738,33.568684,33.21157,34.455475,35.331543,33.43980000323219,0.19297340512275696,0.23484095931053162,0.031115644,0.032882214,-0.18358952,-0.13263422
195,195,99.580551679,DRIVE,34.09698858261108,34.00765,34.508133,35.068638,35.76607,33.638547499964695,0.10741175711154938,0.1639820784330368,0.07558942,0.11789191,-0.1311991,-0.113805115
196,196,100.080551679,DRIVE,34.54379653930664,35.55338,35.80541,36.27171,36.730072,34.308738278541504,0.2550940215587616,0.34939661622047424,0.14851664,0.2576226,-0.055823315,-0.064701974
197,197,100.580551679,DRIVE,35.152772998809816,35.73328,35.742844,35.655083,35.699802,34.80732767768284,0.09847506880760193,0.1518421471118927,0.13306327,0.33112097,-0.043463193,-0.027395427
198,198,101.080551679,DRIVE,35.60789794921875,35.315975,35.125866,35.4018,35.745884,34.985355107803414,0.28260964155197144,0.3999632000923157,0.119618304,0.08830428,-0.076344475,-0.12555903
199,199,101.580551679,DRIVE,35.88233041763306,35.787422,35.76048,36.165787,36.53587,35.26607831610494,0.18381808698177338,0.24068449437618256,0.11091343,0.06970763,-0.12593666,-0.24245107
200,200,102.080551679,DRIVE,36.07554216384888,35.917725,35.93179,36.76444,37.338783,35.49415505280708,0.08877846598625183,0.052445732057094574,0.104498774,0.081071496,-0.12189754,-0.1620028
201,201,102.580551679,DRIVE,36.280366802215575,36.443718,36.79501,37.00996,37.539307,35.82650300371547,0.20549069344997406,0.30732935667037964,0.09975943,0.17164552,-0.07064308,-0.07298094
202,202,103.080551679,DRIVE,36.57337989807129,36.603405,36.91011,37.09515,37.632435,36.09841936955983,0.07762544602155685,0.10357100516557693,0.09175721,0.11674857,-0.03225756,-0.063679576
203,203,103.580551679,DRIVE,36.89793062210083,36.842026,37.09038,37.207996,37.547077,36.35868187213528,0.1724262833595276,0.2739242613315582,0.08420194,0.103443265,-0.049484067,-0.087729216
204,204,104.080551679,DRIVE,37.148565673828124,37.18981,37.707726,37.589848,38.09718,36.64957758120678,0.07121352851390839,0.13399949669837952,0.07632109,0.08521223,-0.048172828,-0.122974515
205,205,104.580551679,DRIVE,37.327082347869876,37.29203,37.3681,38.065853,38.335217,36.874435911335425,0.1407679319381714,0.17555877566337585,0.07105929,0.055336118,-0.05876558,-0.110290885
206,206,105.080551679,DRIVE,37.47039728164673,37.349174,37.252792,38.19389,38.393723,37.04059495125475,0.06598084419965744,0.15745247900485992,0.06684925,0.028632283,-0.06295509,-0.07686728
207,207,105.580551679,DRIVE,37.560169315338136,37.22774,37.288635,37.786842,37.93628,37.10609668688248,0.1232527494430542,0.14813454449176788,0.06436136,0.0451802,-0.054559965,-0.092059314
208,208,106.080551679,DRIVE,37.676313686370854,37.961178,37.772877,38.727146,38.90725,37.405375753120346,0.3162606954574585,0.5332475900650024,0.061885964,0.06454551,-0.047103822,-0.063434124
209,209,106.580551679,DRIVE,37.800769901275636,37.625206,37.23825,37.851715,37.86895,37.48231687136416,0.32010382413864136,0.5455877780914307,0.058418844,0.04396987,-0.033653695,-0.014037371
210,210,107.080551679,DRIVE,37.88402738571167,37.501728,37.584095,37.828243,37.602676,37.48911078663817,0.14410856366157532,0.15399269759655,0.0558466,0.074125886,-0.03023545,-0.009203017
211,211,107.580551679,DRIVE,37.93918218612671,38.096886,38.29717,37.823982,37.242336,37.70183173268933,0.20339545607566833,0.3178394138813019,0.05430127,0.104501724,-0.008332577,0.00073468685
212,212,108.080551679,DRIVE,37.962044906616214,38.142807,38.230644,37.246887,37.088512,37.856173345669454,0.22178946435451508,0.30703192949295044,0.053303506,0.070394516,0.06506627,0.015742421
213,213,108.580551679,DRIVE,37.906107330322264,37.643017,38.08377,37.070217,39.05594,37.78156936108651,0.3284226655960083,0.5535252690315247,0.068132006,-0.013139129,0.14426205,0.1540544
214,214,109.080551679,DRIVE,37.687972927093504,37.887363,39.712746,39.950737,41.18008,37.81859795412151,0.21483226120471954,0.47766268253326416,0.150228,0.055470824,0.1249969,0.016237974
215,215,109.580551679,DRIVE,38.506050968170165,38.952953,40.084583,40.42174,40.09154,38.215622338697045,0.2240428924560547,0.29936346411705017,0.24377544,0.18946838,0.065219305,-0.005214274
216,216,110.080551679,DRIVE,39.16379384994507,39.2823,38.98408,38.804493,37.825905,38.5889593182793,0.11107739806175232,0.13548573851585388,0.19504677,0.12751877,0.016274152,-0.022149086
217,217,110.580551679,DRIVE,39.71726789474487,39.758636,38.539562,38.31561,36.82785,38.99834605596602,0.08062352240085602,0.04081590473651886,0.09392047,0.06637025,-0.031177823,-0.058470607
218,218,111.080551679,DRIVE,39.69234266281128,39.13858,38.00742,37.48866,37.89991,39.047428316199685,0.13965746760368347,0.06663524359464645,0.021251326,0.08018386,-0.067910105,-0.05547422
219,219,111.580551679,DRIVE,38.83632316589355,37.2674,36.80282,39.033394,40.882004,38.424418398052985,0.2564696669578552,0.26006731390953064,-0.012198732,0.016907096,-0.12466715,-0.11360836
220,220,112.080551679,DRIVE,36.8032585144043,36.398514,39.9056,43.89303,47.40653,37.71535232067292,0.423983097076416,0.7338505983352661,-0.0076135555,0.104599595,-0.1379787,-0.21699184
221,221,112.580551679,DRIVE,36.85900297164917,37.530148,44.831146,49.848545,56.814945,37.65053091883779,0.485292911529541,1.002713680267334,0.43238646,0.76600385,-0.066499986,-0.09503281
222,222,113.080551679,DRIVE,39.34134492874146,42.587326,50.1272,54.53908,61.500298,39.378409481705006,0.40684622526168823,0.45732030272483826,0.6144162,0.9222461,0.010134132,0.008283973
223,223,113.580551679,DRIVE,44.20647983551026,47.816177,55.431477,60.565304,67.78299,42.33162810845127,0.138042613863945,0.161484494805336,1.0,0.9617549,0.04929506,0.011721134
224,224,114.080551679,DRIVE,50.393674278259276,53.912277,62.035995,67.14893,74.30046,46.38485543159562,0.2482011467218399,0.5515804290771484,1.0,0.9735582,0.01522204,-0.014107406
225,225,114.580551679,DRIVE,56.66834392547607,60.15522,67.082466,72.347046,77.983574,51.20448330867436,0.4328092336654663,0.509874165058136,1.0,0.8926053,-0.022705754,-0.014041722
226,226,115.080551679,DRIVE,63.51043853759766,66.51,71.49172,76.431076,80.45651,56.561414631290184,0.2256411910057068,0.287326842546463,1.0,0.8597683,-0.014697401,0.0036925077
227,227,115.580551679,DRIVE,68.81052646636964,70.979935,74.814026,79.41494,82.969795,61.60789852187427,0.25396937131881714,0.41791677474975586,0.8513612,0.75664175,0.00016221515,0.008534312
228,228,116.080551679,DRIVE,73.21904811859132,75.984726,77.8389,81.001595,82.68759,66.63978865652786,0.1804729402065277,0.16274800896644592,0.7228037,0.85457706,0.012486701,0.015306115
229,229,116.580551679,DRIVE,76.40976104736329,77.86601,80.08651,83.82639,86.0748,70.56896702737787,0.23134522140026093,0.4502682685852051,0.6294981,0.7925452,0.0075568943,0.0009871721
230,230,117.080551679,DRIVE,78.97879028320312,80.18778,81.74104,84.7842,86.099205,73.93555183439717,0.1588694453239441,0.10976908355951309,0.55780005,0.44300842,-0.0032111914,0.0052952766
231,231,117.580551679,DRIVE,81.2652322769165,82.48204,83.47751,85.60981,86.34912,76.92682336826148,0.1940549910068512,0.39434149861335754,0.5006773,0.3730657,-0.0030987274,0.008911252
232,232,118.080551679,DRIVE,83.25903453826905,84.2506,85.29756,87.296745,88.040535,79.49014774430161,0.2216366082429886,0.36369919776916504,0.44613463,0.35856795,0.004316879,0.0063340664
233,233,118.580551679,DRIVE,84.90108718872071,85.72117,86.95449,88.73217,90.04258,81.67100501511929,0.7174234986305237,1.8557218313217163,0.40144902,0.24911892,-0.001795477,-0.013117313
234,234,119.080551679,DRIVE,86.23277435302735,86.71936,88.302826,89.85781,90.87054,83.43793125207608,1.2630488872528076,2.381147623062134,0.36611912,0.2654295,-0.007915139,-0.0063380003
235,235,119.580551679,DRIVE,87.49181785583497,87.9567,89.16401,90.762054,91.6882,85.0195030311346,1.8516385555267334,2.574669599533081,0.33021396,0.30742383,-0.0018025653,-0.0032759905
236,236,120.080551679,DRIVE,88.4064193725586,89.20542,90.07124,90.376915,90.84489,86.48457661318183,2.0820136070251465,2.213517189025879,0.3042855,0.20608711,0.008098904,-0.0015232563
237,237,120.580551679,DRIVE,89.45637931823731,89.68606,91.34298,92.64442,93.950966,87.60509538114876,0.5296524167060852,0.8506378531455994,0.2816799,0.20806098,0.006725429,0.0043153763
238,238,121.080551679,DRIVE,90.30587654113769,90.50648,92.17512,92.69438,94.55534,88.62058120856211,0.411049485206604,0.7019672393798828,0.25827768,0.24823892,-0.0019585576,0.0014184713
239,239,121.580551679,DRIVE,91.06315040588379,91.106415,92.675705,93.178215,94.27157,89.49062456596089,0.1310943216085434,0.05223871022462845,0.23829146,0.26180053,-0.011328863,0.0007022619
240,240,122.080551679,DRIVE,91.74774971008301,92.79497,93.75437,93.581635,93.66097,90.64714544693952,0.3292529881000519,0.4246644973754883,0.22075194,0.17324746,-0.0055058235,-0.0025205016
241,241,122.580551679,DRIVE,92.3079288482666,93.28382,94.21894,94.41012,95.344345,91.56998406382613,0.454953134059906,0.7993004322052002,0.20504943,0.1634903,0.011731866,-0.001257062
242,242,123.080551679,DRIVE,92.81298408508302,93.14354,94.0082,94.32112,95.06502,92.12073057776627,0.3793145716190338,0.7215353846549988,0.19100954,0.16929293,0.009521415,0.001560092
243,243,123.580551679,DRIVE,93.22654724121094,93.09288,94.64811,95.226906,96.5134,92.46098456487913,0.3577883243560791,0.7199721336364746,0.17958629,0.254138,-0.0035994493,0.004942298
244,244,124.080551679,DRIVE,93.60597724914551,94.039505,94.81141,94.5753,95.11226,93.01346778699565,0.3072373569011688,0.30464068055152893,0.17019764,0.20833457,-0.0064135343,0.0006701946
245,245,124.580551679,DRIVE,93.95980224609376,94.54485,95.11721,93.79147,93.671616,93.54945455440607,0.22334617376327515,0.46388378739356995,0.16163777,0.11216354,-0.005981032,-0.014366865
246,246,125.080551679,DRIVE,94.24540214538574,94.50607,94.78206,94.504074,94.21876,93.8842723448244,0.17543107271194458,0.21629805862903595,0.15312913,0.14631176,0.004856431,-0.0016000271
247,247,125.580551679,DRIVE,94.48754768371582,94.701904,95.49207,94.41989,94.507454,94.17044486318616,0.3387012779712677,0.5434707403182983,0.14672855,0.13058293,0.005714969,0.0
248,248,126.080551679,DRIVE,94.72207145690918,94.9555,95.17354,93.32723,92.84306,94.44521417175216,0.4304223656654358,0.6962026953697205,0.10883406,0.07882798,-0.0014657933,-0.00573498
249,249,126.580551679,DRIVE,94.62020759582519,94.693985,94.368164,92.31431,91.16366,94.53228368948314,0.6145113706588745,0.9901448488235474,0.017198557,0.043801665,-0.0052710506,-0.019004524
250,250,127.080551679,DRIVE,93.88182334899902,92.92943,91.97528,89.34448,87.19048,93.97128450039793,0.5262543559074402,0.8037006855010986,-0.004365235,-0.061200142,-0.0030060005,-0.00031977892
251,251,127.580551679,DRIVE,92.52126617431641,90.102806,87.89067,84.00022,80.15792,92.61731892641832,0.5145748257637024,0.7563772201538086,-0.07128511,-0.13612717,0.0076329573,0.005659342
252,252,128.080551679,DRIVE,89.91416931152344,88.144264,86.07162,82.32059,78.20561,91.05175004661773,0.23819732666015625,0.41861212253570557,-0.11793266,-0.1730144,0.0028555733,0.0021882057
253,253,128.580551679,DRIVE,86.88055229187012,85.29106,81.93475,78.577095,74.55975,89.03550875375123,0.28290849924087524,0.482634574174881,-0.1401218,-0.14699805,-0.00336888,0.004584551
254,254,129.080551679,DRIVE,83.5214241027832,81.354866,77.15683,73.32488,69.49765,86.34728353265069,0.1086035668849945,0.24717308580875397,-0.16005988,-0.13362998,-0.00224021,0.0025823116
255,255,129.580551679,DRIVE,79.95093097686768,77.917366,73.41041,70.0319,66.388756,83.39681267299297,0.061080366373062134,0.04630899429321289,-0.17154424,-0.16473937,0.002723768,0.0034950972
256,256,130.080551679,DRIVE,76.31317577362061,73.79297,69.063515,65.4594,62.77342,80.03546729994542,0.16923010349273682,0.2547803819179535,-0.17771637,-0.17769414,0.004516155,0.0057296753
257,257,130.580551679,DRIVE,72.2989465713501,69.90774,65.08107,61.94459,58.56179,76.49076141708368,0.2890509366989136,0.4076136648654938,-0.18216841,-0.16880721,-0.0015627283,0.0035511255
258,258,131.080551679,DRIVE,68.25119190216064,65.32549,61.31548,58.017254,54.64094,72.58291875685879,0.24404598772525787,0.26588815450668335,-0.19151764,-0.13237947,-0.00951543,0.004222989
259,259,131.580551679,DRIVE,64.36168670654297,62.22392,57.75148,53.840813,51.502308,68.95726881213645,0.26220256090164185,0.2000647932291031,-0.19507354,-0.017994106,-0.010087729,0.007832885
260,260,132.080551679,DRIVE,60.23065395355225,57.713192,56.057487,53.72157,52.325657,65.02184245707569,0.23336532711982727,0.20137277245521545,-0.20257221,-0.061445057,0.00141559,-0.0018818378
261,261,132.580551679,DRIVE,56.60931129455567,54.942963,53.3033,52.038147,50.64615,61.49423479039755,0.12689591944217682,0.22981126606464386,-0.120185554,-0.13858783,0.0090784775,-0.0004800558
262,262,133.080551679,DRIVE,54.23606357574463,53.588806,52.405167,51.400124,50.232826,58.72733463356431,0.08384118974208832,0.12003710865974426,-0.04737371,-0.032861233,0.0011841797,-0.006250024
263,263,133.580551679,DRIVE,52.95406723022461,52.237736,51.71874,50.607845,49.807514,56.45597582480509,0.2258014976978302,0.28731265664100647,-0.0113541335,0.024122953,-0.006677477,-0.007499993
264,264,134.080551679,DRIVE,52.208473205566406,51.532845,51.147747,50.553593,49.659683,54.732880009847676,0.08534495532512665,0.18459288775920868,0.0,0.07516599,-0.006827538,-0.0043041706
265,265,134.580551679,DRIVE,51.449628639221196,51.149258,50.991653,50.262264,49.51803,53.47861205385583,0.23877409100532532,0.24826091527938843,0.0,0.04528427,0.0007033957,-0.0041958094
266,266,135.080551679,DRIVE,50.74699459075928,50.124928,50.14983,50.067497,49.643963,52.30482326835589,0.1320151388645172,0.18268585205078125,0.0,0.07024264,-0.002985817,-0.0034965277
267,267,135.580551679,DRIVE,50.0562463760376,49.887066,49.580753,49.45471,49.36084,51.458608051524834,0.12813639640808105,0.138900488615036,0.001796987,0.055349946,0.0024775574,-0.001299262
268,268,136.080551679,DRIVE,49.79109134674072,49.838657,49.71657,49.593746,49.50021,50.89162518267938,0.08458568900823593,0.04700048640370369,0.010374205,0.07138479,0.005233459,-0.0027777553
269,269,136.580551679,DRIVE,49.57295951843262,49.31788,49.3653,49.313526,49.220997,50.3408147229286,0.08677566051483154,0.0888160839676857,0.015115193,0.07901168,0.0075252876,-0.0026502013
270,270,137.080551679,DRIVE,49.39542903900146,49.229534,49.021465,48.80268,48.93968,49.95186638859866,0.10854969918727875,0.1524379849433899,0.018867973,0.04187417,0.0012458643,-0.0023685694
271,271,137.580551679,DRIVE,49.23560886383057,49.367077,49.294365,49.687542,49.92198,49.7471908594983,0.08821022510528564,0.14720965921878815,0.022367401,0.08240044,0.001738299,-0.007894039
272,272,138.080551679,DRIVE,49.119325447082524,48.903194,49.021805,49.127987,48.939632,49.45179237532428,0.07178127765655518,0.09346377849578857,0.024534473,0.085752726,0.0018068785,-0.0052808523
273,273,138.580551679,DRIVE,49.013130569458006,49.129883,49.22401,48.750107,48.656975,49.3391245623934,0.08090266585350037,0.1644030213356018,0.028009566,0.060854077,0.0050118477,-0.002702713
274,274,139.080551679,DRIVE,48.91838893890381,49.037975,49.158257,49.092163,48.9511,49.23372285856109,0.17084553837776184,0.4056699573993683,0.029924378,0.057874322,0.0062607946,-0.00043725967
275,275,139.580551679,DRIVE,48.836877250671385,48.865337,48.96617,48.770958,48.246983,49.10478780468946,0.2679351568222046,0.4581608176231384,0.031594247,0.06748223,-0.009616208,-0.007017553
276,276,140.080551679,DRIVE,48.75545825958252,48.402218,48.609116,48.430637,47.955223,48.85888859282354,0.15265747904777527,0.234098419547081,0.03361555,0.050994635,-0.010941643,-0.0030634403
277,277,140.580551679,DRIVE,48.67363243103028,48.391075,48.811436,49.407104,48.378403,48.6951548169332,0.14116214215755463,0.2807909846305847,0.035145484,0.098279476,-0.0020139648,0.0032051802
278,278,141.080551679,DRIVE,48.57596054077148,48.188244,48.377647,49.319843,49.079567,48.51773678518139,0.12428168952465057,0.09735686331987381,0.037153658,0.13231874,0.012898685,0.002399683
279,279,141.580551679,DRIVE,48.52336006164551,48.331577,48.44789,49.40728,48.668823,48.45258190032762,0.14571121335029602,0.25023138523101807,0.03951878,0.12240386,0.0067494595,-0.010019958
280,280,142.080551679,DRIVE,48.5158052444458,48.28975,48.38985,48.86597,47.854477,48.3955905696551,0.16571128368377686,0.4609648585319519,0.039689664,0.024224758,0.005739625,-0.0020747185
281,281,142.580551679,DRIVE,48.55273990631104,48.43521,48.03865,47.445396,46.102676,48.40945805087884,0.14269012212753296,0.13727082312107086,0.03876917,-0.014021516,0.0013494432,-0.0364756
282,282,143.080551679,DRIVE,48.6252857208252,48.2777,47.64101,46.27196,44.65484,48.36334234748164,0.12621699273586273,0.15939907729625702,0.029079903,-0.021408617,-0.020787455,-0.04709965
283,283,143.580551679,DRIVE,48.190263175964354,47.56177,46.95691,46.104164,45.513214,48.08279251335086,0.24996136128902435,0.38514459133148193,-0.0066080294,0.034558773,-0.062528685,-0.077127576
284,284,144.080551679,DRIVE,46.771852684021,46.333206,45.911686,46.625164,46.232273,47.470437963115316,0.5332682132720947,0.5600898265838623,-0.079326995,0.02250123,-0.08408029,-0.059497595
285,285,144.580551679,DRIVE,45.663596534729,45.698048,46.48662,47.48815,47.676464,46.85010121578936,0.321896493434906,0.5555796027183533,0.116867885,0.15602732,-0.03849878,-0.010176241
286,286,145.080551679,DRIVE,46.09228992462158,46.271065,47.491497,46.43632,46.866993,46.64743912324038,0.19414111971855164,0.41118359565734863,0.11193958,0.086214066,0.02514102,0.024280548
287,287,145.580551679,DRIVE,46.35124454498291,46.18237,47.627037,47.42514,47.81964,46.484664661368456,0.2403365969657898,0.4309638440608978,0.10094464,0.06706023,0.07853474,0.010715842
288,288,146.080551679,DRIVE,46.5602611541748,46.903137,47.074944,46.722034,46.393566,46.63113018586484,0.1367112547159195,0.10558149963617325,0.095035546,0.0578655,0.040732153,-0.0013085604
289,289,146.580551679,DRIVE,46.82116756439209,47.33875,47.56744,46.37409,45.17009,46.878796746971815,0.2023347020149231,0.2798842191696167,0.087620616,0.088012934,-0.024267724,-0.023984551
290,290,147.080551679,DRIVE,46.92786712646485,47.087204,47.02375,46.672165,46.798798,46.951740212954775,0.08459319919347763,0.13001945614814758,0.083414406,0.0071731806,-0.079237856,-0.08919197
291,291,147.580551679,DRIVE,46.94179744720459,47.098774,47.267155,47.008545,47.325485,47.003202957726025,0.208705872297287,0.4303306043148041,0.08176194,0.014542103,-0.07807157,-0.07398927
292,292,148.080551679,DRIVE,46.98324337005615,46.944336,47.062893,46.788673,47.063442,46.98259963416132,0.15463340282440186,0.29833558201789856,0.080674805,0.060189605,-0.05798482,-0.040540516
293,293,148.580551679,DRIVE,47.050361251831056,46.66385,46.63717,45.472385,44.287743,46.871036735624045,0.11296677589416504,0.19133643805980682,0.07918722,0.04304707,-0.030613985,-0.00407058
294,294,149.080551679,DRIVE,47.08254261016846,46.71869,46.256203,44.397377,43.01804,46.81771568342296,0.23032402992248535,0.44569048285484314,0.025918575,0.058502436,-0.03775046,-0.021176457
295,295,149.580551679,DRIVE,46.574000930786134,45.790962,44.20579,42.58699,41.182304,46.45835263853035,0.10205903649330139,0.08702690899372101,-0.0048424476,0.04156494,-0.05050514,-0.034519613
296,296,150.080551679,DRIVE,45.06365032196045,43.812737,42.84458,41.618477,41.653748,45.53238766154742,0.12928330898284912,0.0853579118847847,-0.07785143,-0.034670413,-0.09326228,-0.06285709
297,297,150.580551679,DRIVE,42.69865264892578,41.871754,41.679012,41.396523,41.678177,44.25116670702609,0.1879911720752716,0.31696802377700806,0.0,0.0051032305,-0.10972335,-0.16804135
298,298,151.080551679,DRIVE,42.13370475769043,41.479816,42.06906,42.900204,43.63469,43.281193845406804,0.3821014165878296,0.6111001968383789,0.0,0.10501301,-0.09478521,-0.09433901
299,299,151.580551679,DRIVE,41.35922784805298,41.24187,41.96206,42.77135,43.444027,42.56743134161648,0.14047744870185852,0.22462917864322662,0.0531905,0.10907209,-0.07055361,-0.046983898
300,300,152.080551679,DRIVE,42.0786735534668,42.833736,43.78203,44.577553,44.81944,42.66063811893792,0.2489248365163803,0.41208821535110474,0.22464652,0.32698715,-0.023786603,-0.04383397
301,301,152.580551679,DRIVE,42.754917240142824,43.11883,43.72973,44.28256,44.440845,42.82100584939217,0.14414209127426147,0.2204180806875229,0.12715264,0.2594993,-0.025756042,-0.02462238
302,302,153.080551679,DRIVE,43.07879333496094,43.41186,43.825844,44.376637,44.31568,43.02780636710735,0.11333975195884705,0.11197304725646973,0.18925375,0.1746471,-0.040278293,-0.020434916
303,303,153.580551679,DRIVE,43.743066215515135,43.77047,44.215458,44.674812,44.627563,43.287739322640775,0.15632469952106476,0.26402348279953003,0.17182651,0.12385285,-0.033063997,-0.015374184
304,304,154.080551679,DRIVE,44.319240760803225,44.46347,44.73044,44.944668,44.805565,43.69924588793306,0.2729141116142273,0.6013199090957642,0.15494162,0.1019057,-0.051376082,-0.030559659
305,305,154.580551679,DRIVE,44.813883018493655,45.210663,45.44105,46.052383,46.33578,44.2282418217854,0.11500190198421478,0.13575293123722076,0.14150716,0.10917926,-0.023159968,-0.008618116
306,306,155.080551679,DRIVE,45.196722221374515,45.457092,45.60306,46.034454,45.853172,44.65833975099401,0.060045115649700165,0.04521653428673744,0.1293698,0.09586334,0.00047043656,-0.0005800724
307,307,155.580551679,DRIVE,45.54537162780762,45.97024,46.09228,46.500187,46.406975,45.11750618055333,0.07135823369026184,0.09508121758699417,0.11983559,0.12958741,0.0031351573,-0.00054347515
308,308,156.080551679,DRIVE,45.81408519744873,46.362865,46.33672,46.87504,46.96996,45.553382725245406,0.12356595695018768,0.1961272805929184,0.11174861,0.08061123,0.009630418,0.0013003349
309,309,156.580551679,DRIVE,46.06782817840576,46.297768,46.23442,46.746872,46.709885,45.81391837971639,0.034431807696819305,0.021841667592525482,0.10567936,0.09318614,0.008620148,-0.0019379854
310,310,157.080551679,DRIVE,46.27660274505615,46.56055,46.69664,46.664974,46.166996,46.07524048929613,0.09622932970523834,0.19551795721054077,0.10004026,0.10433197,-0.0006804639,-0.0016129017
311,311,157.580551679,DRIVE,46.50718688964844,46.572567,46.782814,47.00251,46.997192,46.24930556425831,0.09348845481872559,0.1786946803331375,0.09531342,0.114726186,-0.0075386153,-0.0028489828
312,312,158.080551679,DRIVE,46.731431579589845,46.878113,46.890053,47.185493,46.72091,46.46938809430696,0.046915531158447266,0.12084706872701645,0.08900035,0.11684263,-0.012671543,-0.0011280179
313,313,158.580551679,DRIVE,46.93018970489502,46.95519,47.009792,47.62722,47.400803,46.63941832422677,0.06998829543590546,0.04107105731964111,0.08214347,0.121516705,-0.0032270928,-0.0019406676
314,314,159.080551679,DRIVE,47.11051139831543,47.138638,47.427307,47.906265,47.53369,46.81414585178744,0.10544159263372421,0.2196849286556244,0.07766152,0.10243189,0.007860049,0.001178503
315,315,159.580551679,DRIVE,47.25400142669678,47.3213,47.63785,47.679985,47.392223,46.991650247997775,0.15396501123905182,0.3353206515312195,0.0733429,0.078808784,0.012623508,0.00025212765
316,316,160.080551679,DRIVE,47.37076892852783,47.53593,47.534176,47.633587,47.42201,47.1821491840257,0.07199549674987793,0.13297100365161896,0.069596,0.06839204,0.008551831,0.0022172928
317,317,160.580551679,DRIVE,47.45682277679443,47.692158,48.05843,47.794968,47.494675,47.36065244752198,0.15156680345535278,0.308310329914093,0.06695514,0.102939606,-0.0032562842,-0.015243888
318,318,161.080551679,DRIVE,47.51477909088135,47.958645,48.1785,47.576168,47.309032,47.56995006134827,0.2903997302055359,0.4580378234386444,0.06537407,0.10104215,-0.012831834,-0.010496438
319,319,161.580551679,DRIVE,47.588818359375004,47.403187,47.841022,47.298233,46.378532,47.511583052724276,0.33811336755752563,0.673176646232605,0.06385705,0.060413837,-0.009749906,-0.02092266
320,320,162.080551679,DRIVE,47.64344787597656,47.645275,47.098373,44.605827,42.50553,47.558376209459986,0.36340847611427307,0.5425928235054016,0.062524155,0.10582161,-0.016674614,-0.019364834
321,321,162.580551679,DRIVE,47.6073320388794,46.947697,45.979626,43.85046,42.396526,47.34463864320466,0.24926277995109558,0.3414442539215088,0.0,0.09602761,-0.032125898,-0.05815208
322,322,163.080551679,DRIVE,46.89413051605225,45.941883,44.904648,42.643124,42.450356,46.85367499967483,0.277657687664032,0.30440282821655273,0.0,0.0039008856,-0.078541994,-0.057777703
323,323,163.580551679,DRIVE,45.840030097961424,44.29515,43.21337,41.638535,41.65244,45.95819178171003,0.1844024509191513,0.19634276628494263,-0.036169816,-0.06887686,-0.114084564,-0.09338921
324,324,164.080551679,DRIVE,43.79118633270264,42.854343,42.79761,41.487247,41.8321,44.87184458609004,0.1677665114402771,0.19347988069057465,-0.05496898,-0.07341665,-0.1415751,-0.10800433
325,325,164.580551679,DRIVE,42.48468961715698,41.98436,42.123306,41.397633,41.863995,43.86122475686795,0.2714150547981262,0.44121357798576355,-0.0019700367,-0.03003794,-0.1298485,-0.09035635
326,326,165.080551679,DRIVE,42.03066930770874,41.83966,42.021957,41.732735,42.015606,43.15367798512213,0.19473274052143097,0.2034502625465393,0.13960066,0.07189429,-0.10089626,-0.0545851
327,327,165.580551679,DRIVE,42.30633773803711,42.528286,42.376976,41.260307,41.142384,42.93479064989359,0.12332272529602051,0.06262997537851334,0.1410346,0.08956146,-0.071807615,-0.03434682
328,328,166.080551679,DRIVE,42.56427268981934,41.870495,41.35803,40.135624,40.09693,42.56228765137371,0.10352081060409546,0.15007220208644867,0.062964536,0.0468632,-0.05087754,-0.048859894
329,329,166.580551679,DRIVE,41.977522945404054,41.225224,40.859188,39.97238,39.887726,42.09431561337704,0.21767407655715942,0.3334541618824005,0.0,0.029875755,-0.098668255,-0.05629307
330,330,167.080551679,DRIVE,40.7204930305481,40.305428,40.176033,39.958958,40.36523,41.46820519218262,0.39149701595306396,0.6332182288169861,-0.040646426,0.018493414,-0.119402364,-0.09118414
331,331,167.580551679,DRIVE,40.306620883941655,39.57289,39.82444,39.45591,39.73805,40.80484530729175,0.21238157153129578,0.2618982493877411,0.13194971,0.04879999,-0.11321435,-0.061139107
332,332,168.080551679,DRIVE,40.47394952774048,40.336754,40.462254,40.155212,39.528954,40.641013162050434,0.19583146274089813,0.3358405828475952,0.034657385,0.09962654,-0.06905482,-0.014608979
333,333,168.580551679,DRIVE,40.27517852783203,40.137604,39.604416,38.634354,37.422703,40.46482053882277,0.12091688811779022,0.17408780753612518,0.07551144,0.08406234,-0.062006347,-0.03007996
334,334,169.080551679,DRIVE,40.160120773315434,38.939728,38.005127,37.36568,37.132893,39.931038341384706,0.13041794300079346,0.1307869851589203,0.0,0.02526772,-0.08380566,-0.04701525
335,335,169.580551679,DRIVE,39.200167179107666,37.318024,36.900574,37.048794,37.123688,39.01648294344547,0.22169429063796997,0.21397587656974792,-0.035854924,0.019363284,-0.13131712,-0.12764293
336,336,170.080551679,DRIVE,37.22362203598023,36.46715,36.87737,37.390987,38.08813,38.12421725491436,0.13288980722427368,0.24861854314804077,0.0,0.04268217,-0.13817447,-0.08026379
337,337,170.580551679,DRIVE,37.01991233825684,36.958633,37.17822,37.463326,37.471455,37.71626384829321,0.13681891560554504,0.19675597548484802,0.03166986,0.0791713,-0.07107775,-0.052376926
338,338,171.080551679,DRIVE,36.707770156860356,36.9859,37.244205,37.25988,37.001686,37.4606374765798,0.15791572630405426,0.1801220327615738,0.13661838,0.12714136,-0.03762246,-0.04444307
339,339,171.580551679,DRIVE,37.41862335205078,37.925602,37.830154,36.828255,36.07597,37.62337477847804,0.20203790068626404,0.4086199104785919,0.15825665,0.19335914,-0.03343857,-0.036692023
340,340,172.080551679,DRIVE,37.78900766372681,37.83134,37.071323,35.876743,35.566353,37.69616328298216,0.15886133909225464,0.1336834579706192,0.056642503,0.040647984,-0.08479889,-0.06514323
341,341,172.580551679,DRIVE,37.394666290283205,37.264034,36.234715,35.24559,34.24421,37.5449185294157,0.2215908318758011,0.437995582818985,0.0,-0.04958421,-0.1206645,-0.100946486
342,342,173.080551679,DRIVE,36.15973691940308,35.737297,36.50912,36.770638,37.41048,36.91225074742831,0.2676318883895874,0.345601350069046,-0.033273846,0.0010843277,-0.18828975,-0.13454294
343,343,173.580551679,DRIVE,35.878097248077395,36.51713,37.22543,38.083504,38.93707,36.77395965178299,0.17293119430541992,0.35922566056251526,0.2223922,0.09229553,-0.11808797,-0.049594104
344,344,174.080551679,DRIVE,36.54398717880249,37.430794,37.96531,38.245632,38.616867,37.003851723945814,0.2253030240535736,0.30972936749458313,0.13281442,0.18053246,-0.056837596,-0.025859058
345,345,174.580551679,DRIVE,37.242959690094,38.209835,38.213947,37.922615,37.600098,37.42594575542196,0.17120566964149475,0.17844273149967194,0.19947512,0.22835183,-0.015549293,-0.025524616
346,346,175.080551679,DRIVE,37.807588291168216,38.191772,38.02112,38.83751,39.285725,37.69398510235239,0.1408444046974182,0.2722201347351074,0.106228285,0.11230564,-0.08263689,-0.05242157
347,347,175.580551679,DRIVE,38.48451433181763,38.29168,38.28181,39.337173,40.41324,37.90317810034253,0.24096670746803284,0.2921026051044464,0.260715,0.06723428,-0.10738604,-0.040241003
348,348,176.080551679,DRIVE,39.10889654159546,38.63709,37.953533,37.86342,37.7118,38.16004710372362,0.3332599699497223,0.2815200388431549,0.1656413,0.064563274,-0.081004634,-0.006682873
349,349,176.580551679,DRIVE,39.404698276519774,38.9115,38.251667,36.952633,35.74389,38.423055809681095,0.29811471700668335,0.4534848630428314,0.057314664,0.07357323,0.0035498491,0.007926822
350,350,177.080551679,DRIVE,38.97138547897339,36.989216,35.411118,32.459663,29.717049,37.92121182408324,0.7012652158737183,1.3074190616607666,0.0,-0.04845667,0.0631417,0.0155364275
351,351,177.580551679,DRIVE,37.89214096069336,36.47143,35.863808,34.133778,32.785007,37.41378945948833,0.22080957889556885,0.12880590558052063,-0.07352785,-0.02244234,0.021640476,-0.0024972558
352,352,178.080551679,DRIVE,35.66580276489258,34.634453,34.43665,33.672062,32.958466,36.44102216966351,0.12030363082885742,0.15940631926059723,-0.10622672,-0.0070030093,-0.033957474,-0.024449408
353,353,178.580551679,DRIVE,34.395790100097656,33.78206,33.587368,33.745342,33.49593,35.510385227847195,0.20998597145080566,0.5563161373138428,0.09720227,0.07387221,-0.035794765,-0.011363447
354,354,179.080551679,DRIVE,34.47519035339356,33.80462,33.68756,33.574177,33.6198,34.913367124022315,0.29958125948905945,0.5236560106277466,0.02077371,0.08565211,-0.010263598,-0.0014835596
355,355,179.580551679,DRIVE,33.949031066894534,33.611877,33.822315,34.220356,34.03603,34.4578458686211,0.39230355620384216,0.21859462559223175,-0.024953047,0.059438586,0.011262653,0.0034680367
356,356,180.080551679,DRIVE,33.12149019241333,33.284885,33.89398,35.25207,35.862488,34.04731024093428,0.33154475688934326,0.09953805059194565,0.20105933,0.16510904,0.012163534,-0.0008277893
357,357,180.580551679,DRIVE,34.17438039779663,35.76747,37.05827,38.53482,39.943768,34.649366482809675,0.25956201553344727,0.26833972334861755,0.43693694,0.34361053,0.0150206955,0.009324551
358,358,181.080551679,DRIVE,36.060159587860106,37.371265,38.195587,39.76688,40.786163,35.60203110780822,0.07814496755599976,0.15527349710464478,0.38658473,0.30960822,-0.004255011,-0.004701555
359,359,181.580551679,DRIVE,37.63516645431519,38.54414,39.391796,40.80143,41.63155,36.63176983936856,0.058729298412799835,0.1328405737876892,0.34282863,0.43243217,-0.004112256,0.0052387714
360,360,182.080551679,DRIVE,39.074531650543214,39.647038,40.136036,41.268433,42.05058,37.68711392326901,0.05242760479450226,0.05024974048137665,0.29939786,0.2556466,-0.0050851055,-0.008442998
361,361,182.580551679,DRIVE,40.133282375335696,40.742558,41.57274,42.763405,43.458534,38.75651918409702,0.08862263709306717,0.03468482941389084,0.2657672,0.23619354,-0.003510214,-0.0061707497
362,362,183.080551679,DRIVE,41.246631717681886,41.517128,42.233055,43.31648,44.298584,39.722732266415996,0.11614885181188583,0.094891756772995,0.23490164,0.17597008,0.002684451,-0.008207858
363,363,183.580551679,DRIVE,42.05762357711792,42.07754,41.882843,42.52334,42.613754,40.546916380732654,0.33874964714050293,0.42795759439468384,0.20843594,0.14169514,0.009599603,-0.0014330745
364,364,184.080551679,DRIVE,42.82544946670532,42.69642,42.52408,42.390396,42.25871,41.29924301533511,0.2862688899040222,0.20373249053955078,0.1385103,0.09471321,0.0033375402,-0.0055190325
365,365,184.580551679,DRIVE,43.12731256484985,42.665043,42.12563,40.789497,39.520885,41.77727363455889,0.15550285577774048,0.3786889612674713,0.035626102,0.028554797,-0.016166586,-0.0034621954
366,366,185.080551679,DRIVE,42.75174493789673,41.366573,39.813656,37.882774,35.300846,41.63352879630117,0.2792976200580597,0.4841127097606659,0.0,-0.063708186,-0.025519866,-0.0014044642
367,367,185.580551679,DRIVE,41.58612985610962,40.177723,33.966084,28.614172,23.057095,41.12399674341363,0.702489972114563,1.359548568725586,-0.078080826,-0.0770427,-0.010710417,0.01775515
